check,repeat,ari
random_seed,0,1.0
income_and_spend_jitter_sd_1,0,0.9848081982755497
random_seed,1,1.0
income_and_spend_jitter_sd_1,1,0.9847169139719528
random_seed,2,1.0
income_and_spend_jitter_sd_1,2,1.0
random_seed,3,1.0
income_and_spend_jitter_sd_1,3,0.9847169139719528
random_seed,4,1.0
income_and_spend_jitter_sd_1,4,0.9848081982755497
random_seed,5,1.0
income_and_spend_jitter_sd_1,5,1.0
random_seed,6,1.0
income_and_spend_jitter_sd_1,6,1.0
random_seed,7,1.0
income_and_spend_jitter_sd_1,7,0.9847169139719528
random_seed,8,1.0
income_and_spend_jitter_sd_1,8,0.9712703134644783
random_seed,9,1.0
income_and_spend_jitter_sd_1,9,0.9847169139719528
random_seed,10,1.0
income_and_spend_jitter_sd_1,10,0.9847169139719528
random_seed,11,1.0
income_and_spend_jitter_sd_1,11,0.9847169139719528
random_seed,12,1.0
income_and_spend_jitter_sd_1,12,0.9301714814159611
random_seed,13,1.0
income_and_spend_jitter_sd_1,13,0.9847169139719528
random_seed,14,1.0
income_and_spend_jitter_sd_1,14,0.9546995894014458
random_seed,15,1.0
income_and_spend_jitter_sd_1,15,0.9578592630426115
random_seed,16,1.0
income_and_spend_jitter_sd_1,16,1.0
random_seed,17,1.0
income_and_spend_jitter_sd_1,17,0.9847169139719528
random_seed,18,1.0
income_and_spend_jitter_sd_1,18,0.9847169139719528
random_seed,19,1.0
income_and_spend_jitter_sd_1,19,0.9847169139719528
random_seed,20,1.0
income_and_spend_jitter_sd_1,20,0.9712703134644783
random_seed,21,1.0
income_and_spend_jitter_sd_1,21,0.9865368951949889
random_seed,22,1.0
income_and_spend_jitter_sd_1,22,0.9847169139719528
random_seed,23,1.0
income_and_spend_jitter_sd_1,23,1.0
random_seed,24,1.0
income_and_spend_jitter_sd_1,24,0.9431257154980398
random_seed,25,1.0
income_and_spend_jitter_sd_1,25,0.9711871119034551
random_seed,26,1.0
income_and_spend_jitter_sd_1,26,0.9847169139719528
random_seed,27,1.0
income_and_spend_jitter_sd_1,27,0.9712703134644783
random_seed,28,1.0
income_and_spend_jitter_sd_1,28,0.9563170271852462
random_seed,29,1.0
income_and_spend_jitter_sd_1,29,0.9712703134644783
leave_one_out,0,1.0
leave_one_out,1,1.0
leave_one_out,2,1.0
leave_one_out,3,1.0
leave_one_out,4,1.0
leave_one_out,5,1.0
leave_one_out,6,1.0
leave_one_out,7,1.0
leave_one_out,8,1.0
leave_one_out,9,1.0
leave_one_out,10,1.0
leave_one_out,11,1.0
leave_one_out,12,1.0
leave_one_out,13,1.0
leave_one_out,14,1.0
leave_one_out,15,1.0
leave_one_out,16,1.0
leave_one_out,17,1.0
leave_one_out,18,1.0
leave_one_out,19,1.0
leave_one_out,20,1.0
leave_one_out,21,1.0
leave_one_out,22,1.0
leave_one_out,23,1.0
leave_one_out,24,1.0
leave_one_out,25,1.0
leave_one_out,26,1.0
leave_one_out,27,1.0
leave_one_out,28,1.0
leave_one_out,29,1.0
leave_one_out,30,1.0
leave_one_out,31,1.0
leave_one_out,32,1.0
leave_one_out,33,1.0
leave_one_out,34,1.0
leave_one_out,35,1.0
leave_one_out,36,1.0
leave_one_out,37,1.0
leave_one_out,38,1.0
leave_one_out,39,1.0
leave_one_out,40,0.986451750128747
leave_one_out,41,1.0
leave_one_out,42,1.0
leave_one_out,43,1.0
leave_one_out,44,1.0
leave_one_out,45,1.0
leave_one_out,46,1.0
leave_one_out,47,1.0
leave_one_out,48,1.0
leave_one_out,49,1.0
leave_one_out,50,1.0
leave_one_out,51,1.0
leave_one_out,52,1.0
leave_one_out,53,1.0
leave_one_out,54,1.0
leave_one_out,55,1.0
leave_one_out,56,1.0
leave_one_out,57,1.0
leave_one_out,58,1.0
leave_one_out,59,1.0
leave_one_out,60,1.0
leave_one_out,61,1.0
leave_one_out,62,1.0
leave_one_out,63,1.0
leave_one_out,64,1.0
leave_one_out,65,1.0
leave_one_out,66,1.0
leave_one_out,67,1.0
leave_one_out,68,1.0
leave_one_out,69,1.0
leave_one_out,70,1.0
leave_one_out,71,1.0
leave_one_out,72,1.0
leave_one_out,73,1.0
leave_one_out,74,1.0
leave_one_out,75,1.0
leave_one_out,76,1.0
leave_one_out,77,1.0
leave_one_out,78,1.0
leave_one_out,79,1.0
leave_one_out,80,1.0
leave_one_out,81,1.0
leave_one_out,82,1.0
leave_one_out,83,1.0
leave_one_out,84,1.0
leave_one_out,85,1.0
leave_one_out,86,1.0
leave_one_out,87,1.0
leave_one_out,88,1.0
leave_one_out,89,1.0
leave_one_out,90,1.0
leave_one_out,91,1.0
leave_one_out,92,1.0
leave_one_out,93,1.0
leave_one_out,94,1.0
leave_one_out,95,1.0
leave_one_out,96,1.0
leave_one_out,97,1.0
leave_one_out,98,1.0
leave_one_out,99,1.0
leave_one_out,100,1.0
leave_one_out,101,1.0
leave_one_out,102,1.0
leave_one_out,103,1.0
leave_one_out,104,1.0
leave_one_out,105,1.0
leave_one_out,106,1.0
leave_one_out,107,1.0
leave_one_out,108,1.0
leave_one_out,109,1.0
leave_one_out,110,1.0
leave_one_out,111,1.0
leave_one_out,112,1.0
leave_one_out,113,1.0
leave_one_out,114,1.0
leave_one_out,115,1.0
leave_one_out,116,1.0
leave_one_out,117,1.0
leave_one_out,118,0.984637288919143
leave_one_out,119,1.0
leave_one_out,120,1.0
leave_one_out,121,0.984637288919143
leave_one_out,122,1.0
leave_one_out,123,1.0
leave_one_out,124,1.0
leave_one_out,125,1.0
leave_one_out,126,0.984637288919143
leave_one_out,127,1.0
leave_one_out,128,1.0
leave_one_out,129,1.0
leave_one_out,130,1.0
leave_one_out,131,1.0
leave_one_out,132,1.0
leave_one_out,133,1.0
leave_one_out,134,1.0
leave_one_out,135,1.0
leave_one_out,136,1.0
leave_one_out,137,1.0
leave_one_out,138,1.0
leave_one_out,139,1.0
leave_one_out,140,1.0
leave_one_out,141,1.0
leave_one_out,142,0.984637288919143
leave_one_out,143,1.0
leave_one_out,144,1.0
leave_one_out,145,1.0
leave_one_out,146,1.0
leave_one_out,147,1.0
leave_one_out,148,1.0
leave_one_out,149,1.0
leave_one_out,150,1.0
leave_one_out,151,1.0
leave_one_out,152,1.0
leave_one_out,153,1.0
leave_one_out,154,1.0
leave_one_out,155,1.0
leave_one_out,156,1.0
leave_one_out,157,1.0
leave_one_out,158,1.0
leave_one_out,159,1.0
leave_one_out,160,1.0
leave_one_out,161,1.0
leave_one_out,162,1.0
leave_one_out,163,1.0
leave_one_out,164,1.0
leave_one_out,165,1.0
leave_one_out,166,1.0
leave_one_out,167,1.0
leave_one_out,168,1.0
leave_one_out,169,1.0
leave_one_out,170,1.0
leave_one_out,171,1.0
leave_one_out,172,1.0
leave_one_out,173,1.0
leave_one_out,174,1.0
leave_one_out,175,1.0
leave_one_out,176,1.0
leave_one_out,177,1.0
leave_one_out,178,0.9847288671079473
leave_one_out,179,1.0
leave_one_out,180,1.0
leave_one_out,181,1.0
leave_one_out,182,0.9847288671079473
leave_one_out,183,1.0
leave_one_out,184,1.0
leave_one_out,185,1.0
leave_one_out,186,1.0
leave_one_out,187,1.0
leave_one_out,188,0.9847288671079473
leave_one_out,189,1.0
leave_one_out,190,0.9847288671079473
leave_one_out,191,1.0
leave_one_out,192,0.9847288671079473
leave_one_out,193,1.0
leave_one_out,194,0.9847288671079473
leave_one_out,195,1.0
leave_one_out,196,0.9847288671079473
leave_one_out,197,1.0
leave_one_out,198,0.9847288671079473
leave_one_out,199,1.0
