id,repeat,ari,assigned_ari,coverage,same_k,noise_agreement,error
36,0,0.9805135503765641,0.9805135503765641,1.0,True,1.0,
36,1,0.9833542519940582,0.9833542519940582,1.0,True,1.0,
36,2,1.0,1.0,1.0,True,1.0,
36,3,0.9280353254016177,0.9280353254016177,1.0,True,1.0,
36,4,1.0,1.0,1.0,True,1.0,
36,5,1.0,1.0,1.0,True,1.0,
36,6,1.0,1.0,1.0,True,1.0,
36,7,0.9438190336873794,0.9438190336873794,1.0,True,1.0,
36,8,1.0,1.0,1.0,True,1.0,
36,9,1.0,1.0,1.0,True,1.0,
36,10,0.9809295981975095,0.9809295981975095,1.0,True,1.0,
36,11,0.9805908854025188,0.9805908854025188,1.0,True,1.0,
36,12,0.9453639891121793,0.9453639891121793,1.0,True,1.0,
36,13,1.0,1.0,1.0,True,1.0,
36,14,1.0,1.0,1.0,True,1.0,
36,15,0.9446131301572523,0.9446131301572523,1.0,True,1.0,
36,16,0.9301694486907638,0.9301694486907638,1.0,True,1.0,
36,17,1.0,1.0,1.0,True,1.0,
36,18,0.9262798895395262,0.9262798895395262,1.0,True,1.0,
36,19,1.0,1.0,1.0,True,1.0,
342,0,1.0,1.0,1.0,True,1.0,
342,1,0.9833542519940582,0.9833542519940582,1.0,True,1.0,
342,2,1.0,1.0,1.0,True,1.0,
342,3,0.9644787067069626,0.9644787067069626,1.0,True,1.0,
342,4,0.9645735383257014,0.9645735383257014,1.0,True,1.0,
342,5,1.0,1.0,1.0,True,1.0,
342,6,0.9808156014545617,0.9808156014545617,1.0,True,1.0,
342,7,0.980947792571829,0.980947792571829,1.0,True,1.0,
342,8,0.9636781092947799,0.9636781092947799,1.0,True,1.0,
342,9,0.981071342554104,0.981071342554104,1.0,True,1.0,
342,10,0.9827802150968938,0.9827802150968938,1.0,True,1.0,
342,11,0.9639100936745363,0.9639100936745363,1.0,True,1.0,
342,12,0.9815214267925901,0.9815214267925901,1.0,True,1.0,
342,13,1.0,1.0,1.0,True,1.0,
342,14,1.0,1.0,1.0,True,1.0,
342,15,0.9627984108994156,0.9627984108994156,1.0,True,1.0,
342,16,0.96515682106063,0.96515682106063,1.0,True,1.0,
342,17,1.0,1.0,1.0,True,1.0,
342,18,0.963800027614707,0.963800027614707,1.0,True,1.0,
342,19,1.0,1.0,1.0,True,1.0,
46,0,0.8730016725153453,0.8730016725153453,1.0,True,1.0,
46,1,0.9255571133804741,0.9255571133804741,1.0,True,1.0,
46,2,1.0,1.0,1.0,True,1.0,
46,3,1.0,1.0,1.0,True,1.0,
46,4,1.0,1.0,1.0,True,1.0,
46,5,0.9102912586603987,0.9102912586603987,1.0,True,1.0,
46,6,0.5797561604566817,0.5797561604566817,1.0,True,1.0,
46,7,1.0,1.0,1.0,True,1.0,
46,8,1.0,1.0,1.0,True,1.0,
46,9,1.0,1.0,1.0,True,1.0,
46,10,0.9836686320405321,0.9836686320405321,1.0,True,1.0,
46,11,0.8903481595882276,0.8903481595882276,1.0,True,1.0,
46,12,0.9116731657149848,0.9116731657149848,1.0,True,1.0,
46,13,1.0,1.0,1.0,True,1.0,
46,14,0.8907041537371083,0.8907041537371083,1.0,True,1.0,
46,15,0.8773111882568239,0.8773111882568239,1.0,True,1.0,
46,16,0.9657291719239737,0.9657291719239737,1.0,True,1.0,
46,17,0.9074847159189995,0.9074847159189995,1.0,True,1.0,
46,18,1.0,1.0,1.0,True,1.0,
46,19,1.0,1.0,1.0,True,1.0,
41,0,1.0,1.0,1.0,True,1.0,
41,1,0.9255571133804741,0.9255571133804741,1.0,True,1.0,
41,2,0.9657202526368287,0.9657202526368287,1.0,True,1.0,
41,3,1.0,1.0,1.0,True,1.0,
41,4,0.9673355420925528,0.9673355420925528,1.0,True,1.0,
41,5,1.0,1.0,1.0,True,1.0,
41,6,0.983024550961257,0.983024550961257,1.0,True,1.0,
41,7,0.9140384792263422,0.9140384792263422,1.0,True,1.0,
41,8,0.9644618866070868,0.9644618866070868,1.0,True,1.0,
41,9,1.0,1.0,1.0,True,1.0,
41,10,0.8989318689276447,0.8989318689276447,1.0,True,1.0,
41,11,0.8359537961197713,0.8359537961197713,1.0,True,1.0,
41,12,1.0,1.0,1.0,True,1.0,
41,13,0.9008270648553572,0.9008270648553572,1.0,True,1.0,
41,14,0.9812350061550272,0.9812350061550272,1.0,True,1.0,
41,15,1.0,1.0,1.0,True,1.0,
41,16,0.7987202866345354,0.7987202866345354,1.0,True,1.0,
41,17,0.8271546107739846,0.8271546107739846,1.0,True,1.0,
41,18,0.9660500172062069,0.9660500172062069,1.0,True,1.0,
41,19,0.9171122893890917,0.9171122893890917,1.0,True,1.0,
195,0,0.7580531686616374,0.7580531686616374,1.0,True,1.0,
195,1,0.8903156753582322,0.8903156753582322,1.0,True,1.0,
195,2,0.9657202526368287,0.9657202526368287,1.0,True,1.0,
195,3,0.7505270219176163,0.7505270219176163,1.0,True,1.0,
195,4,0.9341504390172226,0.9341504390172226,1.0,True,1.0,
195,5,0.8766742987417867,0.8766742987417867,1.0,True,1.0,
195,6,0.9096475009981975,0.9096475009981975,1.0,True,1.0,
195,7,1.0,1.0,1.0,True,1.0,
195,8,0.8451224624169584,0.8451224624169584,1.0,True,1.0,
195,9,0.8616590783673669,0.8616590783673669,1.0,True,1.0,
195,10,0.7189104036757467,0.7189104036757467,1.0,True,1.0,
195,11,0.5025999926300656,0.5025999926300656,1.0,True,1.0,
195,12,0.6112822164959367,0.6112822164959367,1.0,True,1.0,
195,13,0.5637265754948879,0.5637265754948879,1.0,True,1.0,
195,14,1.0,1.0,1.0,True,1.0,
195,15,0.7311992626390195,0.7311992626390195,1.0,True,1.0,
195,16,0.6899458008896389,0.6899458008896389,1.0,True,1.0,
195,17,0.4858027661846434,0.4858027661846434,1.0,True,1.0,
195,18,0.8068247171233607,0.8068247171233607,1.0,True,1.0,
195,19,0.7524256236414761,0.7524256236414761,1.0,True,1.0,
40,0,0.9825540387558915,0.9825540387558915,1.0,True,1.0,
40,1,1.0,1.0,1.0,True,1.0,
40,2,0.9829492343538969,0.9829492343538969,1.0,True,1.0,
40,3,1.0,1.0,1.0,True,1.0,
40,4,1.0,1.0,1.0,True,1.0,
40,5,0.983082430954922,0.983082430954922,1.0,True,1.0,
40,6,0.9662071935729908,0.9662071935729908,1.0,True,1.0,
40,7,0.9829419369616584,0.9829419369616584,1.0,True,1.0,
40,8,0.9830493416961319,0.9830493416961319,1.0,True,1.0,
40,9,1.0,1.0,1.0,True,1.0,
40,10,0.9672097528734289,0.9672097528734289,1.0,True,1.0,
40,11,1.0,1.0,1.0,True,1.0,
40,12,0.9826456559470153,0.9826456559470153,1.0,True,1.0,
40,13,1.0,1.0,1.0,True,1.0,
40,14,0.9825141619937338,0.9825141619937338,1.0,True,1.0,
40,15,0.9826140186190505,0.9826140186190505,1.0,True,1.0,
40,16,1.0,1.0,1.0,True,1.0,
40,17,1.0,1.0,1.0,True,1.0,
40,18,1.0,1.0,1.0,True,1.0,
40,19,0.9832308597038,0.9832308597038,1.0,True,1.0,
193,0,0.9825540387558915,0.9825540387558915,1.0,True,1.0,
193,1,1.0,1.0,1.0,True,1.0,
193,2,0.9829492343538969,0.9829492343538969,1.0,True,1.0,
193,3,1.0,1.0,1.0,True,1.0,
193,4,1.0,1.0,1.0,True,1.0,
193,5,0.983082430954922,0.983082430954922,1.0,True,1.0,
193,6,0.9662071935729908,0.9662071935729908,1.0,True,1.0,
193,7,0.9829419369616584,0.9829419369616584,1.0,True,1.0,
193,8,0.9830493416961319,0.9830493416961319,1.0,True,1.0,
193,9,1.0,1.0,1.0,True,1.0,
193,10,0.9672097528734289,0.9672097528734289,1.0,True,1.0,
193,11,1.0,1.0,1.0,True,1.0,
193,12,0.9826456559470153,0.9826456559470153,1.0,True,1.0,
193,13,1.0,1.0,1.0,True,1.0,
193,14,0.9825141619937338,0.9825141619937338,1.0,True,1.0,
193,15,0.9826140186190505,0.9826140186190505,1.0,True,1.0,
193,16,1.0,1.0,1.0,True,1.0,
193,17,1.0,1.0,1.0,True,1.0,
193,18,1.0,1.0,1.0,True,1.0,
193,19,0.9832308597038,0.9832308597038,1.0,True,1.0,
350,0,1.0,1.0,1.0,True,1.0,
350,1,0.8537214047900333,0.8537214047900333,1.0,True,1.0,
350,2,0.8804549442374816,0.8804549442374816,1.0,True,1.0,
350,3,0.9124354412923327,0.9124354412923327,1.0,True,1.0,
350,4,0.8853775592099239,0.8853775592099239,1.0,True,1.0,
350,5,0.8390381167493034,0.8390381167493034,1.0,True,1.0,
350,6,0.8804018910780477,0.8804018910780477,1.0,True,1.0,
350,7,1.0,1.0,1.0,True,1.0,
350,8,0.8642799819832591,0.8642799819832591,1.0,True,1.0,
350,9,0.833699381698735,0.833699381698735,1.0,True,1.0,
350,10,0.8498309646167644,0.8498309646167644,1.0,True,1.0,
350,11,0.8946797364009911,0.8946797364009911,1.0,True,1.0,
350,12,0.9825177862970191,0.9825177862970191,1.0,True,1.0,
350,13,0.9829703569514051,0.9829703569514051,1.0,True,1.0,
350,14,0.9044893542587034,0.9044893542587034,1.0,True,1.0,
350,15,0.9316500547283171,0.9316500547283171,1.0,True,1.0,
350,16,0.9336137986124997,0.9336137986124997,1.0,True,1.0,
350,17,0.9190663440859992,0.9190663440859992,1.0,True,1.0,
350,18,0.8843247102258665,0.8843247102258665,1.0,True,1.0,
350,19,0.9636907499666862,0.9636907499666862,1.0,True,1.0,
71,0,0.9422960991836422,0.9422960991836422,1.0,True,1.0,
71,1,0.9497360871936907,0.9497360871936907,1.0,True,1.0,
71,2,0.9867968970741425,0.9867968970741425,1.0,True,1.0,
71,3,0.8328698213114462,0.8328698213114462,1.0,True,1.0,
71,4,0.7974637827218347,0.7974637827218347,1.0,True,1.0,
71,5,0.9289824078564413,0.9289824078564413,1.0,True,1.0,
71,6,0.9699241429364135,0.9699241429364135,1.0,True,1.0,
71,7,0.9480438888389243,0.9480438888389243,1.0,True,1.0,
71,8,0.8876658019272666,0.8876658019272666,1.0,True,1.0,
71,9,0.8925535641730984,0.8925535641730984,1.0,True,1.0,
71,10,0.9232237503621521,0.9232237503621521,1.0,True,1.0,
71,11,0.9032236379118423,0.9032236379118423,1.0,True,1.0,
71,12,0.9143122840740837,0.9143122840740837,1.0,True,1.0,
71,13,0.8200169297780477,0.8200169297780477,1.0,True,1.0,
71,14,0.941496845065799,0.941496845065799,1.0,True,1.0,
71,15,0.7457222684851229,0.7457222684851229,1.0,True,1.0,
71,16,0.8077517354048236,0.8077517354048236,1.0,True,1.0,
71,17,0.8898231450199966,0.8898231450199966,1.0,True,1.0,
71,18,0.8745555578158323,0.8745555578158323,1.0,True,1.0,
71,19,0.8159237612874364,0.8159237612874364,1.0,True,1.0,
44,0,0.9490032579062975,0.9490032579062975,1.0,True,1.0,
44,1,0.7798399093597017,0.7798399093597017,1.0,True,1.0,
44,2,0.9118559881419523,0.9118559881419523,1.0,True,1.0,
44,3,0.9290337349536227,0.9290337349536227,1.0,True,1.0,
44,4,0.8522973893391604,0.8522973893391604,1.0,True,1.0,
44,5,0.9157982914130144,0.9157982914130144,1.0,True,1.0,
44,6,0.9121576739244736,0.9121576739244736,1.0,True,1.0,
44,7,0.9187179073890718,0.9187179073890718,1.0,True,1.0,
44,8,0.8632604690099855,0.8632604690099855,1.0,True,1.0,
44,9,0.9276156527736521,0.9276156527736521,1.0,True,1.0,
44,10,0.8954823666861698,0.8954823666861698,1.0,True,1.0,
44,11,0.9274014687718767,0.9274014687718767,1.0,True,1.0,
44,12,0.8952840859901202,0.8952840859901202,1.0,True,1.0,
44,13,0.9288471853782292,0.9288471853782292,1.0,True,1.0,
44,14,0.7920659821778575,0.7920659821778575,1.0,True,1.0,
44,15,0.9486566707453618,0.9486566707453618,1.0,True,1.0,
44,16,0.9658774593035366,0.9658774593035366,1.0,True,1.0,
44,17,0.9464505312866378,0.9464505312866378,1.0,True,1.0,
44,18,0.9484548813404134,0.9484548813404134,1.0,True,1.0,
44,19,0.8811309133269954,0.8811309133269954,1.0,True,1.0,
435,0,0.9891869629738197,1.0,0.925,True,0.9875,
435,1,0.5976630297041773,0.7750715161422149,0.8125,True,0.86875,
435,2,0.9223896385468437,1.0,0.85625,False,0.9125,
435,3,0.8863325024141571,1.0,0.925,True,0.9375,
435,4,0.947642974953013,1.0,0.875,False,0.91875,
435,5,0.848770279933271,0.8800351496873261,0.925,True,0.96875,
435,6,0.9252205267120328,0.9650673630612222,0.86875,True,0.925,
435,7,0.9927277339233227,1.0,0.95,True,0.99375,
435,8,0.984258442523986,1.0,0.95625,True,0.99375,
435,9,0.8094118208934351,0.9373406625374907,0.8125,True,0.88125,
435,10,0.9921932509181216,1.0,0.93125,True,0.9875,
435,11,0.9673426839819308,1.0,0.86875,False,0.925,
435,12,0.9366433187853728,0.9801873161149159,0.86875,False,0.91875,
435,13,0.9057634098538523,0.962613306215781,0.9,False,0.9625,
435,14,0.889306501034014,0.9511691502250768,0.8625,True,0.925,
435,15,0.9760986229035048,1.0,0.88125,False,0.93125,
435,16,0.8769652938390637,0.9635407771562553,0.93125,True,0.94375,
435,17,0.9069115513068267,1.0,0.83125,False,0.9,
435,18,0.9605694797737393,0.982273252472784,0.9375,True,0.98125,
435,19,0.9794083954559375,1.0,0.9375,True,0.9875,
813,0,0.9197004854132976,0.9197004854132976,1.0,True,1.0,
813,1,0.9318399835066872,0.9318399835066872,1.0,True,1.0,
813,2,1.0,1.0,1.0,True,1.0,
813,3,0.948112826091043,0.948112826091043,1.0,True,1.0,
813,4,0.900525225200746,0.900525225200746,1.0,True,1.0,
813,5,0.9866519668689174,0.9866519668689174,1.0,True,1.0,
813,6,0.9322014818453478,0.9322014818453478,1.0,True,1.0,
813,7,0.8896504098639254,0.8896504098639254,1.0,True,1.0,
813,8,0.9033707003529329,0.9033707003529329,1.0,True,1.0,
813,9,0.9590649280044015,0.9590649280044015,1.0,True,1.0,
813,10,0.9623223944575329,0.9623223944575329,1.0,True,1.0,
813,11,1.0,1.0,1.0,True,1.0,
813,12,0.9864727409214601,0.9864727409214601,1.0,True,1.0,
813,13,0.9297117275447013,0.9297117275447013,1.0,True,1.0,
813,14,0.7283499169771998,0.7283499169771998,1.0,True,1.0,
813,15,1.0,1.0,1.0,True,1.0,
813,16,0.9735888153893263,0.9735888153893263,1.0,True,1.0,
813,17,0.927500731095148,0.927500731095148,1.0,True,1.0,
813,18,0.9571809226868013,0.9571809226868013,1.0,True,1.0,
813,19,0.9350378212825516,0.9350378212825516,1.0,True,1.0,
660,0,0.9671826625386997,0.9671826625386997,1.0,True,1.0,
660,1,0.9418327751109474,0.9418327751109474,1.0,True,1.0,
660,2,0.9845050706564602,0.9845050706564602,1.0,True,1.0,
660,3,0.9759755305751014,0.9759755305751014,1.0,True,1.0,
660,4,0.9714477015784573,0.9714477015784573,1.0,True,1.0,
660,5,0.9859624158355167,0.9859624158355167,1.0,True,1.0,
660,6,1.0,1.0,1.0,True,1.0,
660,7,0.9326334372327807,0.9326334372327807,1.0,True,1.0,
660,8,0.986723459019052,0.986723459019052,1.0,True,1.0,
660,9,1.0,1.0,1.0,True,1.0,
660,10,0.9499321771146206,0.9499321771146206,1.0,True,1.0,
660,11,0.9525556335757233,0.9525556335757233,1.0,True,1.0,
660,12,1.0,1.0,1.0,True,1.0,
660,13,0.9897192209675466,0.9897192209675466,1.0,True,1.0,
660,14,1.0,1.0,1.0,True,1.0,
660,15,0.9841185846786448,0.9841185846786448,1.0,True,1.0,
660,16,0.973486639611083,0.973486639611083,1.0,True,1.0,
660,17,0.947408744771557,0.947408744771557,1.0,True,1.0,
660,18,0.9721095125261532,0.9721095125261532,1.0,True,1.0,
660,19,0.9867953085973753,0.9867953085973753,1.0,True,1.0,
518,0,0.5212022313086102,0.5212022313086102,1.0,True,1.0,
518,1,0.7001715044773769,0.7001715044773769,1.0,True,1.0,
518,2,0.6305438145150558,0.6305438145150558,1.0,True,1.0,
518,3,0.8281679288391769,0.8281679288391769,1.0,True,1.0,
518,4,0.8227190785429743,0.8227190785429743,1.0,True,1.0,
518,5,0.8742047694374335,0.8742047694374335,1.0,True,1.0,
518,6,0.8743291333413499,0.8743291333413499,1.0,True,1.0,
518,7,0.6404538212238469,0.6404538212238469,1.0,True,1.0,
518,8,0.7297361284882524,0.7297361284882524,1.0,True,1.0,
518,9,0.8068031255857242,0.8068031255857242,1.0,True,1.0,
518,10,0.7137866547252433,0.7137866547252433,1.0,True,1.0,
518,11,0.6913834256291932,0.6913834256291932,1.0,True,1.0,
518,12,0.8802881601597352,0.8802881601597352,1.0,True,1.0,
518,13,0.6551991481472771,0.6551991481472771,1.0,True,1.0,
518,14,0.7234115065925405,0.7234115065925405,1.0,True,1.0,
518,15,0.8778177608216572,0.8778177608216572,1.0,True,1.0,
518,16,0.8772440810552675,0.8772440810552675,1.0,True,1.0,
518,17,0.8063427754486405,0.8063427754486405,1.0,True,1.0,
518,18,0.7887748230348107,0.7887748230348107,1.0,True,1.0,
518,19,0.7341401994195783,0.7341401994195783,1.0,True,1.0,
511,0,0.4982412698776627,0.4982412698776627,1.0,True,1.0,
511,1,0.9364780482057917,0.9364780482057917,1.0,True,1.0,
511,2,0.9213663662049953,0.9213663662049953,1.0,True,1.0,
511,3,0.6761321349910653,0.6761321349910653,1.0,True,1.0,
511,4,0.984395675713816,0.984395675713816,1.0,True,1.0,
511,5,0.9882237244327403,0.9882237244327403,1.0,True,1.0,
511,6,0.9184169687678669,0.9184169687678669,1.0,True,1.0,
511,7,0.5681029164321535,0.5681029164321535,1.0,True,1.0,
511,8,0.8969731224854188,0.8969731224854188,1.0,True,1.0,
511,9,0.9656348294313783,0.9656348294313783,1.0,True,1.0,
511,10,0.9897048870604641,0.9897048870604641,1.0,True,1.0,
511,11,0.9396739183859514,0.9396739183859514,1.0,True,1.0,
511,12,0.9302345910792572,0.9302345910792572,1.0,True,1.0,
511,13,0.5379908994621334,0.5379908994621334,1.0,True,1.0,
511,14,0.9653127216726014,0.9653127216726014,1.0,True,1.0,
511,15,0.8862565907232741,0.8862565907232741,1.0,True,1.0,
511,16,0.9761503794257819,0.9761503794257819,1.0,True,1.0,
511,17,0.6827681045136922,0.6827681045136922,1.0,True,1.0,
511,18,0.9221272724029044,0.9221272724029044,1.0,True,1.0,
511,19,0.9857665477116967,0.9857665477116967,1.0,True,1.0,
664,0,0.5100025697232752,0.5100025697232752,1.0,True,1.0,
664,1,0.9147638724414164,0.9147638724414164,1.0,True,1.0,
664,2,0.9380604250189974,0.9380604250189974,1.0,True,1.0,
664,3,0.49975283998347947,0.49975283998347947,1.0,True,1.0,
664,4,0.9477881190549711,0.9477881190549711,1.0,True,1.0,
664,5,0.9882237244327403,0.9882237244327403,1.0,True,1.0,
664,6,0.9044729823899569,0.9044729823899569,1.0,True,1.0,
664,7,0.6648977302018104,0.6648977302018104,1.0,True,1.0,
664,8,0.8969731224854188,0.8969731224854188,1.0,True,1.0,
664,9,0.6923384727668263,0.6923384727668263,1.0,True,1.0,
664,10,0.6660892706817015,0.6660892706817015,1.0,True,1.0,
664,11,0.906868668283975,0.906868668283975,1.0,True,1.0,
664,12,0.9302345910792572,0.9302345910792572,1.0,True,1.0,
664,13,0.5449557363499666,0.5449557363499666,1.0,True,1.0,
664,14,0.7423300917172123,0.7423300917172123,1.0,True,1.0,
664,15,0.9397176786567106,0.9397176786567106,1.0,True,1.0,
664,16,0.9549319727891157,0.9549319727891157,1.0,True,1.0,
664,17,0.7325720343894021,0.7325720343894021,1.0,True,1.0,
664,18,0.9221272724029044,0.9221272724029044,1.0,True,1.0,
664,19,0.663366608948903,0.663366608948903,1.0,True,1.0,
689,0,0.8046548492808677,0.8046548492808677,1.0,True,1.0,
689,1,0.6883290955775172,0.6883290955775172,1.0,True,1.0,
689,2,0.8266577228141645,0.8266577228141645,1.0,True,1.0,
689,3,0.9068687663997648,0.9068687663997648,1.0,True,1.0,
689,4,0.8519125512492094,0.8519125512492094,1.0,True,1.0,
689,5,0.8645661397009378,0.8645661397009378,1.0,True,1.0,
689,6,0.8034448656667216,0.8034448656667216,1.0,True,1.0,
689,7,0.8688031130793394,0.8688031130793394,1.0,True,1.0,
689,8,0.8343468462293482,0.8343468462293482,1.0,True,1.0,
689,9,0.7906155606218981,0.7906155606218981,1.0,True,1.0,
689,10,0.9025980810955334,0.9025980810955334,1.0,True,1.0,
689,11,0.8774383570042618,0.8774383570042618,1.0,True,1.0,
689,12,0.9715658533373543,0.9715658533373543,1.0,True,1.0,
689,13,0.8821531695301905,0.8821531695301905,1.0,True,1.0,
689,14,0.8641533119168324,0.8641533119168324,1.0,True,1.0,
689,15,0.8968210266613409,0.8968210266613409,1.0,True,1.0,
689,16,0.7862612417581059,0.7862612417581059,1.0,True,1.0,
689,17,0.7475275823547654,0.7475275823547654,1.0,True,1.0,
689,18,0.850445899963367,0.850445899963367,1.0,True,1.0,
689,19,0.8554889365880495,0.8554889365880495,1.0,True,1.0,
129,0,0.9432068706862782,0.9778970287448592,0.85,False,0.925,
129,1,0.531152273494643,0.7319552382210069,0.7875,False,0.85,
129,2,0.3845509545703555,0.5201084528768235,0.76875,True,0.85,
129,3,0.8494312208959974,0.9539039485467896,0.91875,False,0.9375,
129,4,0.8620789817268931,0.9727276253204583,0.8375,False,0.90625,
129,5,0.8425175451690943,0.8566728321331117,0.925,False,0.9875,
129,6,0.9022345222261051,0.9364733380518776,0.85625,False,0.93125,
129,7,0.8519626051066221,0.980512080640658,0.88125,False,0.925,
129,8,0.9788217379732375,0.9818240608122197,0.94375,False,0.99375,
129,9,0.808954539940968,0.9254211128761883,0.80625,False,0.89375,
129,10,0.952390602277486,0.9736512934762992,0.91875,False,0.9875,
129,11,0.8469302453326337,0.9699193274378832,0.825,False,0.89375,
129,12,0.8350645687954714,0.8390113458082404,0.925,False,0.96875,
129,13,0.9208727860680853,0.9498569717583021,0.88125,True,0.975,
129,14,0.8320461995329035,0.9724121655270068,0.83125,False,0.91875,
129,15,0.957135546316152,0.9826247623495575,0.88125,False,0.93125,
129,16,0.8722860304827353,0.9698689317055685,0.90625,False,0.9375,
129,17,0.7804741094517019,0.969434254930831,0.775,False,0.875,
129,18,0.8798432394093377,0.9754633939181697,0.9,False,0.95,
129,19,0.8698095269027571,0.978125363114505,0.8875,False,0.95625,
665,0,0.8729807950695708,0.8729807950695708,1.0,True,1.0,
665,1,0.7782682185069089,0.7782682185069089,1.0,True,1.0,
665,2,0.8637151499503286,0.8637151499503286,1.0,True,1.0,
665,3,0.8617064727732165,0.8617064727732165,1.0,True,1.0,
665,4,0.9230528138842389,0.9230528138842389,1.0,True,1.0,
665,5,0.9342901992961373,0.9342901992961373,1.0,True,1.0,
665,6,0.7851830934473243,0.7851830934473243,1.0,True,1.0,
665,7,0.8833454042222084,0.8833454042222084,1.0,True,1.0,
665,8,0.9327228926636776,0.9327228926636776,1.0,True,1.0,
665,9,0.8302147990444491,0.8302147990444491,1.0,True,1.0,
665,10,0.8981071316997364,0.8981071316997364,1.0,True,1.0,
665,11,0.9375212411476929,0.9375212411476929,1.0,True,1.0,
665,12,0.972178393173402,0.972178393173402,1.0,True,1.0,
665,13,0.9603064451800386,0.9603064451800386,1.0,True,1.0,
665,14,0.9440363054391819,0.9440363054391819,1.0,True,1.0,
665,15,0.9174652100019063,0.9174652100019063,1.0,True,1.0,
665,16,0.8961452444648584,0.8961452444648584,1.0,True,1.0,
665,17,0.6625794542218272,0.6625794542218272,1.0,True,1.0,
665,18,0.8623073976940233,0.8623073976940233,1.0,True,1.0,
665,19,0.846021926231876,0.846021926231876,1.0,True,1.0,
517,0,0.8260739218953927,0.8260739218953927,1.0,True,1.0,
517,1,0.9106570266447629,0.9106570266447629,1.0,True,1.0,
517,2,0.9676366278570524,0.9676366278570524,1.0,True,1.0,
517,3,0.8400704422178416,0.8400704422178416,1.0,True,1.0,
517,4,0.7986801007556675,0.7986801007556675,1.0,True,1.0,
517,5,0.8332564912986019,0.8332564912986019,1.0,True,1.0,
517,6,0.7053393595999008,0.7053393595999008,1.0,True,1.0,
517,7,0.9027375753519157,0.9027375753519157,1.0,True,1.0,
517,8,0.8538559845706234,0.8538559845706234,1.0,True,1.0,
517,9,0.8932042249982413,0.8932042249982413,1.0,True,1.0,
517,10,0.9548684460803394,0.9548684460803394,1.0,True,1.0,
517,11,0.8204230203345722,0.8204230203345722,1.0,True,1.0,
517,12,0.7726520188216398,0.7726520188216398,1.0,True,1.0,
517,13,0.9230199115594486,0.9230199115594486,1.0,True,1.0,
517,14,0.8871873142939373,0.8871873142939373,1.0,True,1.0,
517,15,0.8509956519099968,0.8509956519099968,1.0,True,1.0,
517,16,0.912000454576575,0.912000454576575,1.0,True,1.0,
517,17,0.79406132836115,0.79406132836115,1.0,True,1.0,
517,18,0.8844249865275277,0.8844249865275277,1.0,True,1.0,
517,19,0.9103102789900946,0.9103102789900946,1.0,True,1.0,
833,0,0.9684804595841088,0.9684804595841088,1.0,True,1.0,
833,1,0.8767672171783041,0.8767672171783041,1.0,True,1.0,
833,2,0.9566367426300736,0.9566367426300736,1.0,True,1.0,
833,3,0.9713889292974733,0.9713889292974733,1.0,True,1.0,
833,4,0.9093524109529184,0.9093524109529184,1.0,True,1.0,
833,5,0.9337365650092931,0.9337365650092931,1.0,True,1.0,
833,6,0.9872634424752178,0.9872634424752178,1.0,True,1.0,
833,7,0.9292831744522037,0.9292831744522037,1.0,True,1.0,
833,8,0.9416513790880442,0.9416513790880442,1.0,True,1.0,
833,9,0.946397801505059,0.946397801505059,1.0,True,1.0,
833,10,0.9339682715468313,0.9339682715468313,1.0,True,1.0,
833,11,0.9582782742360682,0.9582782742360682,1.0,True,1.0,
833,12,0.9292510561017016,0.9292510561017016,1.0,True,1.0,
833,13,0.9546003736678573,0.9546003736678573,1.0,True,1.0,
833,14,0.8853557144194196,0.8853557144194196,1.0,True,1.0,
833,15,0.9162667551233874,0.9162667551233874,1.0,True,1.0,
833,16,0.9063628810075655,0.9063628810075655,1.0,True,1.0,
833,17,0.9472684496268796,0.9472684496268796,1.0,True,1.0,
833,18,0.9130611488641106,0.9130611488641106,1.0,True,1.0,
833,19,0.9865478938363795,0.9865478938363795,1.0,True,1.0,
527,0,0.9409019393066189,0.9409019393066189,1.0,True,1.0,
527,1,0.8747032949188807,0.8747032949188807,1.0,True,1.0,
527,2,0.9587279782192544,0.9587279782192544,1.0,True,1.0,
527,3,0.9161788646725006,0.9161788646725006,1.0,True,1.0,
527,4,0.9197315383712285,0.9197315383712285,1.0,True,1.0,
527,5,0.9452081800652982,0.9452081800652982,1.0,True,1.0,
527,6,0.9407749452425077,0.9407749452425077,1.0,True,1.0,
527,7,0.9418327225530615,0.9418327225530615,1.0,True,1.0,
527,8,0.9332549104094197,0.9332549104094197,1.0,True,1.0,
527,9,0.9687917336957418,0.9687917336957418,1.0,True,1.0,
527,10,0.9083565863467179,0.9083565863467179,1.0,True,1.0,
527,11,0.9334681994409011,0.9334681994409011,1.0,True,1.0,
527,12,0.9582154817334085,0.9582154817334085,1.0,True,1.0,
527,13,0.9859897754999704,0.9859897754999704,1.0,True,1.0,
527,14,0.8788978865857261,0.8788978865857261,1.0,True,1.0,
527,15,0.9316034080151467,0.9316034080151467,1.0,True,1.0,
527,16,0.9475687293353456,0.9475687293353456,1.0,True,1.0,
527,17,0.9461718065507104,0.9461718065507104,1.0,True,1.0,
527,18,0.9539446262787707,0.9539446262787707,1.0,True,1.0,
527,19,0.9607215806307887,0.9607215806307887,1.0,True,1.0,
418,0,0.9947365627391791,1.0,0.9625,True,0.99375,
418,1,0.8360654297175345,0.8197201156921933,0.975,False,1.0,
418,2,0.977625365539637,1.0,0.9625,True,0.99375,
418,3,0.7620765506369331,0.7755155229467932,0.95625,False,0.9875,
418,4,0.9784804075049699,1.0,0.96875,True,0.99375,
418,5,0.6628784137778593,0.6706810554568983,0.9625,False,0.9875,
418,6,0.9772225409907326,1.0,0.9625,True,0.99375,
418,7,0.9942610032711297,1.0,0.975,True,0.99375,
418,8,1.0,1.0,0.98125,True,1.0,
418,9,0.9782409648446936,1.0,0.95625,True,0.99375,
418,10,0.9570440969192563,1.0,0.95,True,0.9875,
418,11,1.0,1.0,0.975,True,1.0,
418,12,0.9889408743507104,1.0,0.95625,True,0.9875,
418,13,1.0,1.0,0.9625,True,1.0,
418,14,0.9715178858223412,1.0,0.95625,True,0.9875,
418,15,0.9767939013337785,1.0,0.9625,True,0.99375,
418,16,0.9575337436525304,1.0,0.9625,True,0.9875,
418,17,0.971957378207799,1.0,0.95,True,0.9875,
418,18,1.0,1.0,0.98125,True,1.0,
418,19,1.0,1.0,0.96875,True,1.0,
422,0,0.9608874311969903,1.0,0.93125,True,0.975,
422,1,0.8225131577278616,0.8186353876077349,0.95625,False,0.99375,
422,2,0.661361730737073,0.6203480895160741,0.95,False,0.99375,
422,3,0.7119282762485116,0.7686648883897235,0.91875,False,0.9625,
422,4,0.741746754297263,0.8120300297175379,0.93125,False,0.9625,
422,5,0.6629518493448415,0.767640957779725,0.90625,False,0.94375,
422,6,0.977757721153647,1.0,0.95,True,0.99375,
422,7,0.5247983426611453,0.5297195263015648,0.94375,False,0.975,
422,8,0.9770207068500611,1.0,0.975,True,0.99375,
422,9,0.9786427377030181,1.0,0.94375,True,0.99375,
422,10,0.9786427377030181,1.0,0.94375,True,0.99375,
422,11,0.971957378207799,1.0,0.95,True,0.9875,
422,12,0.763938871202989,0.7742356593569336,0.925,False,0.96875,
422,13,0.7827736041016183,0.7664898118703589,0.94375,False,0.99375,
422,14,0.8563390697053832,1.0,0.9,True,0.94375,
422,15,0.9773784388164132,1.0,0.95,True,0.99375,
422,16,0.7219588391981099,0.780806904017266,0.93125,False,0.96875,
422,17,0.924095180222965,1.0,0.91875,True,0.96875,
422,18,0.6953336325545673,0.7564365576103642,0.93125,False,0.9625,
422,19,0.7239779568838786,0.7649924021715941,0.9375,False,0.975,
954,0,1.0,1.0,1.0,True,1.0,
954,1,0.6313211339270842,0.6313211339270842,1.0,True,1.0,
954,2,0.6291496268449484,0.6291496268449484,1.0,True,1.0,
954,3,0.9846591458135202,0.9846591458135202,1.0,True,1.0,
954,4,0.6825648774416899,0.6825648774416899,1.0,True,1.0,
954,5,1.0,1.0,1.0,True,1.0,
954,6,0.6771039282870664,0.6771039282870664,1.0,True,1.0,
954,7,0.6124209923085134,0.6124209923085134,1.0,True,1.0,
954,8,1.0,1.0,1.0,True,1.0,
954,9,0.6589210260160349,0.6589210260160349,1.0,True,1.0,
954,10,1.0,1.0,1.0,True,1.0,
954,11,0.9838069504531549,0.9838069504531549,1.0,True,1.0,
954,12,1.0,1.0,1.0,True,1.0,
954,13,1.0,1.0,1.0,True,1.0,
954,14,0.6837895919861673,0.6837895919861673,1.0,True,1.0,
954,15,0.6331612782569217,0.6331612782569217,1.0,True,1.0,
954,16,0.9848848629388604,0.9848848629388604,1.0,True,1.0,
954,17,0.6863017089690209,0.6863017089690209,1.0,True,1.0,
954,18,1.0,1.0,1.0,True,1.0,
954,19,1.0,1.0,1.0,True,1.0,
1107,0,1.0,1.0,1.0,True,1.0,
1107,1,0.6313211339270842,0.6313211339270842,1.0,True,1.0,
1107,2,0.6291496268449484,0.6291496268449484,1.0,True,1.0,
1107,3,0.9839620363659936,0.9839620363659936,1.0,True,1.0,
1107,4,0.6825648774416899,0.6825648774416899,1.0,True,1.0,
1107,5,1.0,1.0,1.0,True,1.0,
1107,6,0.6480878231143322,0.6480878231143322,1.0,True,1.0,
1107,7,0.6047049788524415,0.6047049788524415,1.0,True,1.0,
1107,8,1.0,1.0,1.0,True,1.0,
1107,9,0.6589210260160349,0.6589210260160349,1.0,True,1.0,
1107,10,1.0,1.0,1.0,True,1.0,
1107,11,0.9838069504531549,0.9838069504531549,1.0,True,1.0,
1107,12,1.0,1.0,1.0,True,1.0,
1107,13,1.0,1.0,1.0,True,1.0,
1107,14,0.6837895919861673,0.6837895919861673,1.0,True,1.0,
1107,15,0.6331612782569217,0.6331612782569217,1.0,True,1.0,
1107,16,0.9848848629388604,0.9848848629388604,1.0,True,1.0,
1107,17,0.6863017089690209,0.6863017089690209,1.0,True,1.0,
1107,18,0.986891922732566,0.986891922732566,1.0,True,1.0,
1107,19,1.0,1.0,1.0,True,1.0,
970,0,0.9855434231689462,0.9855434231689462,1.0,True,1.0,
970,1,0.9689753901128417,0.9689753901128417,1.0,True,1.0,
970,2,0.9835943127650447,0.9835943127650447,1.0,True,1.0,
970,3,0.9770718152374354,0.9770718152374354,1.0,True,1.0,
970,4,0.9866990810056867,0.9866990810056867,1.0,True,1.0,
970,5,0.9443901715627616,0.9443901715627616,1.0,True,1.0,
970,6,0.7414658321592879,0.7414658321592879,1.0,True,1.0,
970,7,0.9893336049656818,0.9893336049656818,1.0,True,1.0,
970,8,0.9830939294412534,0.9830939294412534,1.0,True,1.0,
970,9,1.0,1.0,1.0,True,1.0,
970,10,0.8957445502658002,0.8957445502658002,1.0,True,1.0,
970,11,0.9698017721834612,0.9698017721834612,1.0,True,1.0,
970,12,0.9384031459740313,0.9384031459740313,1.0,True,1.0,
970,13,0.9723105826166882,0.9723105826166882,1.0,True,1.0,
970,14,0.9823059589883459,0.9823059589883459,1.0,True,1.0,
970,15,0.9834583744688506,0.9834583744688506,1.0,True,1.0,
970,16,0.9426642634500958,0.9426642634500958,1.0,True,1.0,
970,17,1.0,1.0,1.0,True,1.0,
970,18,0.982119029602088,0.982119029602088,1.0,True,1.0,
970,19,0.9824442636424426,0.9824442636424426,1.0,True,1.0,
1123,0,0.9896851905425663,0.9896851905425663,1.0,True,1.0,
1123,1,0.8536371890412751,0.8536371890412751,1.0,True,1.0,
1123,2,1.0,1.0,1.0,True,1.0,
1123,3,0.9770718152374354,0.9770718152374354,1.0,True,1.0,
1123,4,0.9866990810056867,0.9866990810056867,1.0,True,1.0,
1123,5,0.9618094948531983,0.9618094948531983,1.0,True,1.0,
1123,6,1.0,1.0,1.0,True,1.0,
1123,7,0.9893336049656818,0.9893336049656818,1.0,True,1.0,
1123,8,0.9894893940862707,0.9894893940862707,1.0,True,1.0,
1123,9,1.0,1.0,1.0,True,1.0,
1123,10,0.990373303067621,0.990373303067621,1.0,True,1.0,
1123,11,0.9869882386596963,0.9869882386596963,1.0,True,1.0,
1123,12,0.9834649553460881,0.9834649553460881,1.0,True,1.0,
1123,13,0.9863949046988483,0.9863949046988483,1.0,True,1.0,
1123,14,1.0,1.0,1.0,True,1.0,
1123,15,0.9697501102266031,0.9697501102266031,1.0,True,1.0,
1123,16,1.0,1.0,1.0,True,1.0,
1123,17,0.990633166983681,0.990633166983681,1.0,True,1.0,
1123,18,0.982119029602088,0.982119029602088,1.0,True,1.0,
1123,19,1.0,1.0,1.0,True,1.0,
1271,0,0.9640393518403783,0.9640393518403783,1.0,True,1.0,
1271,1,0.4724613092970487,0.4724613092970487,1.0,True,1.0,
1271,2,0.6837427481003691,0.6837427481003691,1.0,True,1.0,
1271,3,0.9374778813259408,0.9374778813259408,1.0,True,1.0,
1271,4,0.938468466408321,0.938468466408321,1.0,True,1.0,
1271,5,0.9359544430661055,0.9359544430661055,1.0,True,1.0,
1271,6,0.7329663245774292,0.7329663245774292,1.0,True,1.0,
1271,7,0.6270729385414199,0.6270729385414199,1.0,True,1.0,
1271,8,0.9609969970835303,0.9609969970835303,1.0,True,1.0,
1271,9,0.9397413757488122,0.9397413757488122,1.0,True,1.0,
1271,10,0.7158415128742286,0.7158415128742286,1.0,True,1.0,
1271,11,0.7092366128851312,0.7092366128851312,1.0,True,1.0,
1271,12,0.8987531952724773,0.8987531952724773,1.0,True,1.0,
1271,13,0.8935840123194319,0.8935840123194319,1.0,True,1.0,
1271,14,0.7861923669998292,0.7861923669998292,1.0,True,1.0,
1271,15,0.9798900867417186,0.9798900867417186,1.0,True,1.0,
1271,16,0.9197270276281456,0.9197270276281456,1.0,True,1.0,
1271,17,0.9669627061491517,0.9669627061491517,1.0,True,1.0,
1271,18,0.9831121103758362,0.9831121103758362,1.0,True,1.0,
1271,19,0.8376867431249713,0.8376867431249713,1.0,True,1.0,
964,0,0.684982695209245,0.684982695209245,1.0,True,1.0,
964,1,0.6434363118222101,0.6434363118222101,1.0,True,1.0,
964,2,0.849286927061652,0.849286927061652,1.0,True,1.0,
964,3,0.8660854558464258,0.8660854558464258,1.0,True,1.0,
964,4,0.8527061447329005,0.8527061447329005,1.0,True,1.0,
964,5,0.9413496803947761,0.9413496803947761,1.0,True,1.0,
964,6,1.0,1.0,1.0,True,1.0,
964,7,0.5758425492650743,0.5758425492650743,1.0,True,1.0,
964,8,0.8929569895521939,0.8929569895521939,1.0,True,1.0,
964,9,0.9474425887265135,0.9474425887265135,1.0,True,1.0,
964,10,0.8320839965280952,0.8320839965280952,1.0,True,1.0,
964,11,0.6144725269062203,0.6144725269062203,1.0,True,1.0,
964,12,0.9708026995042296,0.9708026995042296,1.0,True,1.0,
964,13,0.9439574314395506,0.9439574314395506,1.0,True,1.0,
964,14,0.7439144155350993,0.7439144155350993,1.0,True,1.0,
964,15,0.6123397549972709,0.6123397549972709,1.0,True,1.0,
964,16,0.8846487778273546,0.8846487778273546,1.0,True,1.0,
964,17,0.9166202974334908,0.9166202974334908,1.0,True,1.0,
964,18,0.8364797679678991,0.8364797679678991,1.0,True,1.0,
964,19,0.89776551919862,0.89776551919862,1.0,True,1.0,
961,0,0.9215353388820122,0.9215353388820122,1.0,True,1.0,
961,1,0.5785964519197044,0.5785964519197044,1.0,True,1.0,
961,2,0.7952027047832005,0.7952027047832005,1.0,True,1.0,
961,3,0.8323882908203778,0.8323882908203778,1.0,True,1.0,
961,4,0.5503885486739516,0.5503885486739516,1.0,True,1.0,
961,5,0.8622439744201762,0.8622439744201762,1.0,True,1.0,
961,6,0.6868676901786943,0.6868676901786943,1.0,True,1.0,
961,7,0.6641511985687362,0.6641511985687362,1.0,True,1.0,
961,8,0.8021132847258664,0.8021132847258664,1.0,True,1.0,
961,9,0.7712205901468868,0.7712205901468868,1.0,True,1.0,
961,10,0.6488508186249828,0.6488508186249828,1.0,True,1.0,
961,11,0.9866524850854812,0.9866524850854812,1.0,True,1.0,
961,12,0.9417060237108832,0.9417060237108832,1.0,True,1.0,
961,13,0.95567131603279,0.95567131603279,1.0,True,1.0,
961,14,0.9010198815858648,0.9010198815858648,1.0,True,1.0,
961,15,0.9284281962849094,0.9284281962849094,1.0,True,1.0,
961,16,0.7979238695628866,0.7979238695628866,1.0,True,1.0,
961,17,0.8230303881448008,0.8230303881448008,1.0,True,1.0,
961,18,1.0,1.0,1.0,True,1.0,
961,19,0.8473675474265091,0.8473675474265091,1.0,True,1.0,
959,0,0.9533781048359554,0.9533781048359554,1.0,True,1.0,
959,1,0.5686510926902788,0.5686510926902788,1.0,True,1.0,
959,2,0.812424394806485,0.812424394806485,1.0,True,1.0,
959,3,0.9040965531224213,0.9040965531224213,1.0,True,1.0,
959,4,0.8439991000698356,0.8439991000698356,1.0,True,1.0,
959,5,0.9420909077550755,0.9420909077550755,1.0,True,1.0,
959,6,1.0,1.0,1.0,True,1.0,
959,7,0.6264494723930188,0.6264494723930188,1.0,True,1.0,
959,8,0.9540047294820829,0.9540047294820829,1.0,True,1.0,
959,9,1.0,1.0,1.0,True,1.0,
959,10,0.8665419011711564,0.8665419011711564,1.0,True,1.0,
959,11,0.6455719394215008,0.6455719394215008,1.0,True,1.0,
959,12,0.915352595974124,0.915352595974124,1.0,True,1.0,
959,13,0.9866810217124476,0.9866810217124476,1.0,True,1.0,
959,14,0.769633064153271,0.769633064153271,1.0,True,1.0,
959,15,0.5286545581399992,0.5286545581399992,1.0,True,1.0,
959,16,0.8481424082769551,0.8481424082769551,1.0,True,1.0,
959,17,0.9544684014725732,0.9544684014725732,1.0,True,1.0,
959,18,0.8534979048839898,0.8534979048839898,1.0,True,1.0,
959,19,0.6773923768577155,0.6773923768577155,1.0,True,1.0,
1257,0,0.9501251863583838,0.9501251863583838,1.0,True,1.0,
1257,1,0.9433330135314387,0.9433330135314387,1.0,True,1.0,
1257,2,0.9472570791495779,0.9472570791495779,1.0,True,1.0,
1257,3,0.8984296987805512,0.8984296987805512,1.0,True,1.0,
1257,4,0.9287708716934147,0.9287708716934147,1.0,True,1.0,
1257,5,0.9456663740281351,0.9456663740281351,1.0,True,1.0,
1257,6,0.9103715896914235,0.9103715896914235,1.0,True,1.0,
1257,7,0.933126350596862,0.933126350596862,1.0,True,1.0,
1257,8,0.9547501782387003,0.9547501782387003,1.0,True,1.0,
1257,9,0.9449316542458164,0.9449316542458164,1.0,True,1.0,
1257,10,0.9338990585638164,0.9338990585638164,1.0,True,1.0,
1257,11,0.948411889210152,0.948411889210152,1.0,True,1.0,
1257,12,0.9437412580713149,0.9437412580713149,1.0,True,1.0,
1257,13,0.866766890330945,0.866766890330945,1.0,True,1.0,
1257,14,0.9471423388677462,0.9471423388677462,1.0,True,1.0,
1257,15,0.9050189043389526,0.9050189043389526,1.0,True,1.0,
1257,16,0.8789202400420617,0.8789202400420617,1.0,True,1.0,
1257,17,0.9280833046459934,0.9280833046459934,1.0,True,1.0,
1257,18,0.9197002883288854,0.9197002883288854,1.0,True,1.0,
1257,19,0.964224118324985,0.964224118324985,1.0,True,1.0,
1116,0,0.6457922822940371,0.6457922822940371,1.0,True,1.0,
1116,1,0.935794616955179,0.935794616955179,1.0,True,1.0,
1116,2,0.9330877112017981,0.9330877112017981,1.0,True,1.0,
1116,3,0.8480011275141118,0.8480011275141118,1.0,True,1.0,
1116,4,0.8635702232170066,0.8635702232170066,1.0,True,1.0,
1116,5,0.9632673461605388,0.9632673461605388,1.0,True,1.0,
1116,6,0.963111962297551,0.963111962297551,1.0,True,1.0,
1116,7,0.9623299635033804,0.9623299635033804,1.0,True,1.0,
1116,8,0.6842151963035179,0.6842151963035179,1.0,True,1.0,
1116,9,0.8866353264387203,0.8866353264387203,1.0,True,1.0,
1116,10,0.6957924216096824,0.6957924216096824,1.0,True,1.0,
1116,11,0.9489640531365049,0.9489640531365049,1.0,True,1.0,
1116,12,0.8140245632294327,0.8140245632294327,1.0,True,1.0,
1116,13,0.9126587982412194,0.9126587982412194,1.0,True,1.0,
1116,14,0.9535148461420481,0.9535148461420481,1.0,True,1.0,
1116,15,0.9162258491897178,0.9162258491897178,1.0,True,1.0,
1116,16,0.9616295373145254,0.9616295373145254,1.0,True,1.0,
1116,17,0.9204777402372728,0.9204777402372728,1.0,True,1.0,
1116,18,0.8146152490708489,0.8146152490708489,1.0,True,1.0,
1116,19,0.8964597257128587,0.8964597257128587,1.0,True,1.0,
906,0,0.9510164856998788,1.0,0.89375,True,0.98125,
906,1,0.8785023320070338,1.0,0.875,True,0.9625,
906,2,0.3071578049523026,0.47046383574732714,0.7625,False,0.84375,
906,3,0.9728088126809115,1.0,0.93125,True,0.9875,
906,4,0.7833997007394845,1.0,0.84375,True,0.91875,
906,5,0.9330353508133037,1.0,0.9125,True,0.975,
906,6,0.9517348741090412,1.0,0.89375,True,0.98125,
906,7,0.9330353508133037,1.0,0.9125,True,0.975,
906,8,0.9394685393482052,1.0,0.90625,True,0.96875,
906,9,0.9592659718928301,1.0,0.89375,True,0.975,
906,10,0.9405038567470573,1.0,0.9,True,0.98125,
906,11,0.939695741307879,1.0,0.9,True,0.96875,
906,12,0.9807173816205267,1.0,0.90625,True,0.98125,
906,13,0.9326281942683875,1.0,0.91875,True,0.975,
906,14,0.8550103484483095,1.0,0.8625,True,0.95,
906,15,0.9180618958219373,1.0,0.90625,True,0.975,
906,16,0.9732360600069447,1.0,0.9375,True,0.9875,
906,17,0.9597669790214921,1.0,0.89375,True,0.9875,
906,18,0.9719825378549938,1.0,0.91875,True,0.9875,
906,19,0.4880582102424463,0.4568358430191965,0.90625,False,0.975,
600,0,0.9448366797956398,1.0,0.8875,True,0.975,
600,1,0.7543410919565203,1.0,0.84375,True,0.91875,
600,2,0.28454765041839486,0.48489034275345483,0.725,False,0.8125,
600,3,0.3469176877176755,0.49017284102627245,0.78125,False,0.86875,
600,4,0.8518691813736904,1.0,0.8625,True,0.94375,
600,5,0.8948152323404504,1.0,0.9,True,0.9625,
600,6,0.8736786727437588,1.0,0.88125,True,0.95625,
600,7,0.9259472460519509,1.0,0.8875,True,0.96875,
600,8,0.9393319958952896,1.0,0.9,True,0.96875,
600,9,0.6791502932736427,1.0,0.81875,True,0.875,
600,10,0.3315511045921926,0.5071243138265195,0.75,False,0.84375,
600,11,0.8726423697131873,1.0,0.85,True,0.94375,
600,12,0.934789745188914,1.0,0.90625,True,0.9625,
600,13,0.6453745932454626,1.0,0.8,True,0.8625,
600,14,0.7560900972526007,0.9661793867428246,0.85,True,0.91875,
600,15,0.9581142028175913,1.0,0.93125,True,0.9875,
600,16,0.9534229027446016,1.0,0.95,True,0.98125,
600,17,0.4697125017373511,0.5013492920979009,0.84375,False,0.94375,
600,18,0.8888018775122135,1.0,0.90625,True,0.9625,
600,19,0.46701319438106503,0.4545594154199713,0.9125,False,0.9625,
1047,0,0.9654391679316656,1.0,0.88125,True,0.98125,
1047,1,0.5803954188003247,0.6556122738951707,0.8375,False,0.9375,
1047,2,0.30686299046188925,0.3346668562029121,0.85625,False,0.91875,
1047,3,0.27467338505479083,0.3890437255628741,0.76875,False,0.8625,
1047,4,0.9071196703767586,1.0,0.88125,True,0.9625,
1047,5,0.22430280664687433,0.32455846346991757,0.775,False,0.85625,
1047,6,0.951907951470578,1.0,0.89375,True,0.98125,
1047,7,0.869686267014627,1.0,0.91875,True,0.95,
1047,8,0.9601890607398504,1.0,0.90625,True,0.975,
1047,9,0.8625482172392984,1.0,0.875,True,0.94375,
1047,10,0.16369050514363026,0.27885295460581877,0.7,False,0.79375,
1047,11,0.8967527316240482,0.9673800257389523,0.86875,True,0.9625,
1047,12,0.602272423769988,0.7174152793188315,0.83125,False,0.9125,
1047,13,0.7076462842860304,0.6909406813567861,0.9,False,0.9625,
1047,14,0.8041166326258667,1.0,0.84375,True,0.925,
1047,15,0.9374780525881812,1.0,0.9375,True,0.98125,
1047,16,0.9603709166426472,1.0,0.9375,True,0.9875,
1047,17,0.41582901358509705,0.47353004004745597,0.825,False,0.925,
1047,18,0.9299802873189926,1.0,0.9,True,0.975,
1047,19,0.2155374190794031,0.29078321073128516,0.8,False,0.875,
1053,0,0.9654391679316656,1.0,0.88125,True,0.98125,
1053,1,0.5803954188003247,0.6556122738951707,0.8375,False,0.9375,
1053,2,0.30686299046188925,0.3346668562029121,0.85625,False,0.91875,
1053,3,0.40298406830785444,0.4777275166756114,0.81875,False,0.9125,
1053,4,0.9071196703767586,1.0,0.88125,True,0.9625,
1053,5,0.28448870390968967,0.4143983956439869,0.775,False,0.85625,
1053,6,0.951907951470578,1.0,0.89375,True,0.98125,
1053,7,0.869686267014627,1.0,0.91875,True,0.95,
1053,8,0.9601890607398504,1.0,0.90625,True,0.975,
1053,9,0.8625482172392984,1.0,0.875,True,0.94375,
1053,10,0.4598711313460175,0.5202060160880282,0.8375,False,0.93125,
1053,11,0.8967527316240482,0.9673800257389523,0.86875,True,0.9625,
1053,12,0.914418891284369,1.0,0.9,True,0.95625,
1053,13,0.7076462842860304,0.6909406813567861,0.9,False,0.9625,
1053,14,0.8041166326258667,1.0,0.84375,True,0.925,
1053,15,0.9374780525881812,1.0,0.9375,True,0.98125,
1053,16,0.9603709166426472,1.0,0.9375,True,0.9875,
1053,17,0.4761607636950514,0.49555117099072804,0.85,False,0.95,
1053,18,0.9299802873189926,1.0,0.9,True,0.975,
1053,19,0.35714562090887525,0.38847028755964347,0.85625,False,0.93125,
